LPR ID,LPR Latitude,LPR Longitude,LPR Orientation,Event Date,License Plate,License State
LPR00032,39.29370826,-76.65038375,95,1462507433000,97361 C/A,MD
LPR00032,39.29370826,-76.65038375,95,1462510399000,TQT228,MD
LPR00032,39.29370826,-76.65038375,95,1462511509000,8BLQ64,MD
LPR00032,39.29370826,-76.65038375,95,1462512438000,9BLY73,MD
LPR00032,39.29370826,-76.65038375,95,1462512625000,WRZ915,MD
LPR00033,39.29370826,-76.65038375,270,1462524155000,MZH637,MD
LPR00033,39.29370826,-76.65038375,270,1462524891000,A829740,MD
LPR00033,39.29370826,-76.65038375,270,1462525216000,A442307,MD
LPR00033,39.29370826,-76.65038375,270,1462528409000,A416795,MD
LPR00033,39.29370826,-76.65038375,270,1462530204000,SIF262,MD
LPR00033,39.29370826,-76.65038375,270,1462531243000,NBN601,MD
LPR00033,39.29370826,-76.65038375,270,1462531490000,9AMY35,MD
LPR00033,39.29370826,-76.65038375,270,1462531657000,30628 B/Y,MD
LPR00033,39.29370826,-76.65038375,270,1462531966000,9CNX058,MD
LPR00033,39.29370826,-76.65038375,270,1462532225000,A317137,MD
LPR00033,39.29370826,-76.65038375,270,1462532264000,HND661,MD
LPR00033,39.29370826,-76.65038375,270,1462532283000,FBX531,MD
LPR00033,39.29370826,-76.65038375,270,1462532409000,97554 C/A,MD
LPR00033,39.29370826,-76.65038375,270,1462532468000,A066934,MD
LPR00033,39.29370826,-76.65038375,270,1462532470000,A066934,MD
LPR00033,39.29370826,-76.65038375,270,1462532508000,97755 C/B,MD
LPR00033,39.29370826,-76.65038375,270,1462532562000,A894070,MD
LPR00033,39.29370826,-76.65038375,270,1462532646000,YTU823,MD
LPR00033,39.29370826,-76.65038375,270,1462532710000,SLY116,MD
LPR00033,39.29370826,-76.65038375,270,1462532712000,SLY116,MD
LPR00033,39.29370826,-76.65038375,270,1462532783000,97361 C/A,MD
LPR00033,39.29370826,-76.65038375,270,1462532834000,A080660,MD
LPR00033,39.29370826,-76.65038375,270,1462533491000,1BMI83,MD
LPR00033,39.29370826,-76.65038375,270,1462533615000,A873897,MD
LPR00033,39.29370826,-76.65038375,270,1462533617000,A873897,MD
LPR00033,39.29370826,-76.65038375,270,1462534478000,3I/M6632,MD
LPR00033,39.29370826,-76.65038375,270,1462535013000,14563 C/C,MD
LPR00033,39.29370826,-76.65038375,270,1462535218000,HTB922,MD
LPR00033,39.29370826,-76.65038375,270,1462535282000,6CNB636,MD
LPR00033,39.29370826,-76.65038375,270,1462535291000,GNR057,MD
LPR00033,39.29370826,-76.65038375,270,1462535395000,A039346,MD
LPR00033,39.29370826,-76.65038375,270,1462535524000,CQM582,MD
LPR00033,39.29370826,-76.65038375,270,1462535528000,FUS086,MD
LPR00033,39.29370826,-76.65038375,270,1462535597000,38363 B/Y,MD
LPR00033,39.29370826,-76.65038375,270,1462535598000,3CNP755,MD
LPR00033,39.29370826,-76.65038375,270,1462535605000,A595779,MD
LPR00033,39.29370826,-76.65038375,270,1462535613000,KFA591,MD
LPR00033,39.29370826,-76.65038375,270,1462535638000,BLH162,MD
LPR00033,39.29370826,-76.65038375,270,1462535833000,WSQ975,MD
LPR00033,39.29370826,-76.65038375,270,1462535876000,A881076,MD
LPR00034,39.29370826,-76.65038375,5,1462515833000,A991829,MD
LPR00035,39.29370826,-76.65038375,185,1462511834000,A568201,MD
LPR00035,39.29370826,-76.65038375,185,1462530867000,7CMO82,MD
LPR00035,39.29370826,-76.65038375,185,1462531831000,A461272,MD
LPR00035,39.29370826,-76.65038375,185,1462532051000,13323 B/Y,MD
LPR00035,39.29370826,-76.65038375,185,1462534526000,A417705,MD
LPR00035,39.29370826,-76.65038375,185,1462535770000,53569 C/C,MD
LPR00035,39.29370826,-76.65038375,185,1462535781000,10205 C/A,MD
LPR00035,39.29370826,-76.65038375,185,1462535839000,KLQ436,MD
LPR00035,39.29370826,-76.65038375,185,1462535839000,KLQ436,MD
LPR00068,39.28339359,-76.65592899,130,1462507557000,67573 C/B,MD
LPR00068,39.28339359,-76.65592899,130,1462510553000,15189 C/C,MD
LPR00068,39.28339359,-76.65592899,130,1462511448000,8A/S6397,MD
LPR00068,39.28339359,-76.65592899,130,1462511725000,3CNE358,MD
LPR00068,39.28339359,-76.65592899,130,1462511733000,1C/E2030,MD
LPR00068,39.28339359,-76.65592899,130,1462511762000,A712053,MD
LPR00068,39.28339359,-76.65592899,130,1462512422000,8L/A3392,MD
LPR00068,39.28339359,-76.65592899,130,1462512492000,3Z/I3851,MD
LPR00068,39.28339359,-76.65592899,130,1462512575000,A162194,MD
LPR00068,39.28339359,-76.65592899,130,1462512819000,A951272,MD
LPR00068,39.28339359,-76.65592899,130,1462512873000,75508 C/C,MD
LPR00068,39.28339359,-76.65592899,130,1462512985000,0J/V7498,MD
LPR00068,39.28339359,-76.65592899,130,1462513284000,04535 B/Y,MD
LPR00068,39.28339359,-76.65592899,130,1462515153000,7CNH461,MD
LPR00068,39.28339359,-76.65592899,130,1462515467000,69840 C/B,MD
LPR00068,39.28339359,-76.65592899,130,1462516236000,A073363,MD
LPR00068,39.28339359,-76.65592899,130,1462530233000,JHH937,MD
LPR00068,39.28339359,-76.65592899,130,1462530478000,66052 C/A,MD
LPR00068,39.28339359,-76.65592899,130,1462530897000,4BMO19,MD
LPR00068,39.28339359,-76.65592899,130,1462530987000,7CMO82,MD
LPR00068,39.28339359,-76.65592899,130,1462531105000,9BLV73,MD
LPR00068,39.28339359,-76.65592899,130,1462531516000,PPP165,MD
LPR00068,39.28339359,-76.65592899,130,1462531796000,5Q/J9337,MD
LPR00068,39.28339359,-76.65592899,130,1462531869000,XTT224,MD
LPR00068,39.28339359,-76.65592899,130,1462532205000,A385581,MD
LPR00068,39.28339359,-76.65592899,130,1462532217000,2BMQ17,MD
LPR00068,39.28339359,-76.65592899,130,1462532228000,8F/K2368,MD
LPR00068,39.28339359,-76.65592899,130,1462532263000,QGV934,MD
LPR00068,39.28339359,-76.65592899,130,1462532318000,6CNG994,MD
LPR00068,39.28339359,-76.65592899,130,1462532363000,5CNK841,MD
LPR00068,39.28339359,-76.65592899,130,1462532386000,A576945,MD
LPR00068,39.28339359,-76.65592899,130,1462532460000,90957 C/A,MD
LPR00068,39.28339359,-76.65592899,130,1462532477000,A137685,MD
LPR00068,39.28339359,-76.65592899,130,1462532524000,2AMZ67,MD
LPR00068,39.28339359,-76.65592899,130,1462532656000,A067153,MD
LPR00068,39.28339359,-76.65592899,130,1462532720000,3CMO50,MD
LPR00068,39.28339359,-76.65592899,130,1462532738000,SUY034,MD
LPR00068,39.28339359,-76.65592899,130,1462532834000,8CNG742,MD
LPR00068,39.28339359,-76.65592899,130,1462533255000,3CNS337,MD
LPR00068,39.28339359,-76.65592899,130,1462533411000,JPE791,MD
LPR00069,39.28339359,-76.65592899,310,1462525365000,2CNB875,MD
LPR00069,39.28339359,-76.65592899,310,1462530161000,UXH482,MD
LPR00069,39.28339359,-76.65592899,310,1462530274000,BGW381,MD
LPR00069,39.28339359,-76.65592899,310,1462530619000,6K/J2579,MD
LPR00069,39.28339359,-76.65592899,310,1462530697000,A856062,MD
LPR00069,39.28339359,-76.65592899,310,1462530811000,A050930,MD
LPR00069,39.28339359,-76.65592899,310,1462531092000,NHP845,MD
LPR00069,39.28339359,-76.65592899,310,1462531172000,10333 C/B,MD
LPR00069,39.28339359,-76.65592899,310,1462531199000,A980108,MD
LPR00069,39.28339359,-76.65592899,310,1462531533000,25542 B/Y,MD
LPR00069,39.28339359,-76.65592899,310,1462531711000,86981 C/A,MD
LPR00069,39.28339359,-76.65592899,310,1462531741000,GRQ927,MD
LPR00069,39.28339359,-76.65592899,310,1462531800000,FMX123,MD
LPR00069,39.28339359,-76.65592899,310,1462531814000,0M/D 9274,MD
LPR00069,39.28339359,-76.65592899,310,1462531845000,A178385,MD
LPR00069,39.28339359,-76.65592899,310,1462531884000,A804484,MD
LPR00069,39.28339359,-76.65592899,310,1462531916000,DCU207,MD
LPR00069,39.28339359,-76.65592899,310,1462531917000,76784 B/Y,MD
LPR00069,39.28339359,-76.65592899,310,1462531959000,A527813,MD
LPR00069,39.28339359,-76.65592899,310,1462531964000,51351 C/A,MD
LPR00069,39.28339359,-76.65592899,310,1462531977000,55461 C/B,MD
LPR00069,39.28339359,-76.65592899,310,1462532012000,02817 B/Y,MD
LPR00069,39.28339359,-76.65592899,310,1462532049000,A327126,MD
LPR00069,39.28339359,-76.65592899,310,1462532089000,VLQ453,MD
LPR00069,39.28339359,-76.65592899,310,1462532125000,96649 C/C,MD
LPR00069,39.28339359,-76.65592899,310,1462532236000,62544 B/Y,MD
LPR00069,39.28339359,-76.65592899,310,1462532297000,A040655,MD
LPR00069,39.28339359,-76.65592899,310,1462532463000,03419 C/C,MD
LPR00069,39.28339359,-76.65592899,310,1462532635000,A300606,MD
LPR00069,39.28339359,-76.65592899,310,1462532643000,ZRM318,MD
LPR00069,39.28339359,-76.65592899,310,1462532708000,UAK302,MD
LPR00069,39.28339359,-76.65592899,310,1462533517000,9BLE73,MD
LPR00069,39.28339359,-76.65592899,310,1462534155000,4S/C1921,MD
LPR00069,39.28339359,-76.65592899,310,1462534428000,A252668,MD
LPR00069,39.28339359,-76.65592899,310,1462534437000,SVM771,MD
LPR00069,39.28339359,-76.65592899,310,1462534447000,7CNP503,MD
LPR00069,39.28339359,-76.65592899,310,1462534608000,7CNW306,MD
LPR00069,39.28339359,-76.65592899,310,1462534622000,89830 C/A,MD
LPR00069,39.28339359,-76.65592899,310,1462534646000,71377 C/B,MD
LPR00069,39.28339359,-76.65592899,310,1462534655000,A985769,MD
LPR00069,39.28339359,-76.65592899,310,1462534733000,4G/T3353,MD
LPR00069,39.28339359,-76.65592899,310,1462534793000,A038470,MD
LPR00069,39.28339359,-76.65592899,310,1462534812000,JCP147,MD
LPR00069,39.28339359,-76.65592899,310,1462534906000,A603598,MD
LPR00069,39.28339359,-76.65592899,310,1462535056000,5X/I7818,MD
LPR00069,39.28339359,-76.65592899,310,1462535068000,UHC742,MD
LPR00069,39.28339359,-76.65592899,310,1462535230000,BVJ782,MD
LPR00069,39.28339359,-76.65592899,310,1462535266000,TGA964,MD
LPR00069,39.28339359,-76.65592899,310,1462535293000,0L/V3236,MD
LPR00069,39.28339359,-76.65592899,310,1462535438000,05359 C/C,MD
LPR00069,39.28339359,-76.65592899,310,1462535457000,16787 C/C,MD
LPR00069,39.28339359,-76.65592899,310,1462535502000,7BLG93,MD
LPR00069,39.28339359,-76.65592899,310,1462535526000,TDW612,MD
LPR00069,39.28339359,-76.65592899,310,1462535600000,22417 C/A,MD
LPR00069,39.28339359,-76.65592899,310,1462535620000,4CNE317,MD
LPR00069,39.28339359,-76.65592899,310,1462535630000,4CNH422,MD
LPR00069,39.28339359,-76.65592899,310,1462535669000,6CNI237,MD
LPR00069,39.28339359,-76.65592899,310,1462535690000,5CNZ621,MD
LPR00069,39.28339359,-76.65592899,310,1462535702000,9CMC35,MD
LPR00069,39.28339359,-76.65592899,310,1462535748000,4AMA19,MD
LPR00069,39.28339359,-76.65592899,310,1462535796000,A716879,MD
LPR00069,39.28339359,-76.65592899,310,1462535814000,5CND165,MD
LPR00069,39.28339359,-76.65592899,310,1462535866000,21206 C/C,MD
LPR00069,39.28339359,-76.65592899,310,1462535938000,4CNU139,MD
LPR00069,39.28339359,-76.65592899,310,1462535945000,8M/D 2966,MD
LPR00069,39.28339359,-76.65592899,310,1462535963000,1CNC726,MD
LPR00069,39.28339359,-76.65592899,310,1462535964000,A226863,MD
LPR00069,39.28339359,-76.65592899,310,1462535965000,42732 B/Y,MD
LPR00069,39.28339359,-76.65592899,310,1462535974000,GNS733,MD
LPR00069,39.28339359,-76.65592899,310,1462535997000,GIS672,MD
LPR00076,39.27490376,-76.66816309,285,1462530128000,BGW381,MD
LPR00076,39.27490376,-76.66816309,285,1462531662000,96036 B/Y,MD
LPR00076,39.27490376,-76.66816309,285,1462531700000,A178385,MD
LPR00076,39.27490376,-76.66816309,285,1462531819000,51351 C/A,MD
LPR00076,39.27490376,-76.66816309,285,1462531944000,VLQ453,MD
LPR00076,39.27490376,-76.66816309,285,1462532475000,6CMV30,MD
LPR00076,39.27490376,-76.66816309,285,1462532563000,UAK302,MD
LPR00076,39.27490376,-76.66816309,285,1462534009000,4S/C1921,MD
LPR00076,39.27490376,-76.66816309,285,1462534292000,SVM771,MD
LPR00076,39.27490376,-76.66816309,285,1462534477000,89830 C/A,MD
LPR00076,39.27490376,-76.66816309,285,1462534648000,A038470,MD
LPR00076,39.27490376,-76.66816309,285,1462535085000,BVJ782,MD
LPR00076,39.27490376,-76.66816309,285,1462535130000,A614823,MD
LPR00076,39.27490376,-76.66816309,285,1462535312000,3CLH87,MD
LPR00076,39.27490376,-76.66816309,285,1462535312000,16787 C/C,MD
LPR00076,39.27490376,-76.66816309,285,1462535381000,TDW612,MD
LPR00076,39.27490376,-76.66816309,285,1462535398000,96038 C/C,MD
LPR00076,39.27490376,-76.66816309,285,1462535523000,6CNI237,MD
LPR00076,39.27490376,-76.66816309,285,1462535602000,4AMA19,MD
LPR00076,39.27490376,-76.66816309,285,1462535651000,A716879,MD
LPR00076,39.27490376,-76.66816309,285,1462535668000,5CND165,MD
LPR00076,39.27490376,-76.66816309,285,1462535800000,8M/D 2966,MD
LPR00076,39.27490376,-76.66816309,285,1462535900000,A716420,MD
LPR00076,39.27490376,-76.66816309,285,1462535967000,FZL996,MD
LPR00077,39.27490376,-76.66816309,105,1462512591000,SMM504,MD
LPR00077,39.27490376,-76.66816309,105,1462516329000,6R/J4053,MD
LPR00077,39.27490376,-76.66816309,105,1462528555000,A615490,MD
LPR00077,39.27490376,-76.66816309,105,1462530070000,28638 C/C,MD
LPR00077,39.27490376,-76.66816309,105,1462530378000,JHH937,MD
LPR00077,39.27490376,-76.66816309,105,1462530624000,66052 C/A,MD
LPR00077,39.27490376,-76.66816309,105,1462531042000,4BMO19,MD
LPR00077,39.27490376,-76.66816309,105,1462531133000,7CMO82,MD
LPR00077,39.27490376,-76.66816309,105,1462531251000,9BLV73,MD
LPR00077,39.27490376,-76.66816309,105,1462531661000,PPP165,MD
LPR00077,39.27490376,-76.66816309,105,1462531815000,TDO319,MD
LPR00077,39.27490376,-76.66816309,105,1462531878000,4CNM462,MD
LPR00077,39.27490376,-76.66816309,105,1462531941000,5Q/J9337,MD
LPR00077,39.27490376,-76.66816309,105,1462532014000,XTT224,MD
LPR00077,39.27490376,-76.66816309,105,1462532350000,A385581,MD
LPR00077,39.27490376,-76.66816309,105,1462532362000,2BMQ17,MD
LPR00077,39.27490376,-76.66816309,105,1462532373000,8F/K2368,MD
LPR00077,39.27490376,-76.66816309,105,1462532408000,QGV934,MD
LPR00077,39.27490376,-76.66816309,105,1462532463000,6CNG994,MD
LPR00077,39.27490376,-76.66816309,105,1462532508000,5CNK841,MD
LPR00077,39.27490376,-76.66816309,105,1462532532000,A576945,MD
LPR00077,39.27490376,-76.66816309,105,1462532606000,90957 C/A,MD
LPR00077,39.27490376,-76.66816309,105,1462532622000,A137685,MD
LPR00077,39.27490376,-76.66816309,105,1462532670000,2AMZ67,MD
LPR00077,39.27490376,-76.66816309,105,1462532802000,A067153,MD
LPR00077,39.27490376,-76.66816309,105,1462532866000,3CMO50,MD
LPR00077,39.27490376,-76.66816309,105,1462532883000,SUY034,MD
LPR00077,39.27490376,-76.66816309,105,1462532979000,8CNG742,MD
LPR00077,39.27490376,-76.66816309,105,1462533400000,3CNS337,MD
LPR00077,39.27490376,-76.66816309,105,1462533556000,JPE791,MD
LPR00077,39.27490376,-76.66816309,105,1462535217000,EDD721,MD
LPR00077,39.27490376,-76.66816309,105,1462535579000,81151 C/C,MD
LPR00078,39.274771,-76.668136,225,1462533964000,6CLE95,MD
LPR00078,39.274771,-76.668136,225,1462535178000,2CLF52,MD
LPR00078,39.274771,-76.668136,225,1462535699000,9CMG91,MD
LPR00078,39.274771,-76.668136,225,1462535829000,35166 C/C,MD
LPR00078,39.274771,-76.668136,225,1462535878000,84639 C/A,MD
LPR00129,39.294129,-76.671235,270,1462524714000,A829740,MD
LPR00129,39.294129,-76.671235,270,1462525041000,A442307,MD
LPR00129,39.294129,-76.671235,270,1462529910000,A672910,MD
LPR00129,39.294129,-76.671235,270,1462530027000,SIF262,MD
LPR00129,39.294129,-76.671235,270,1462530222000,MCC703,MD
LPR00129,39.294129,-76.671235,270,1462530838000,A447210,MD
LPR00129,39.294129,-76.671235,270,1462530915000,XOG559,MD
LPR00129,39.294129,-76.671235,270,1462530950000,54588 C/B,MD
LPR00129,39.294129,-76.671235,270,1462531068000,NBN601,MD
LPR00129,39.294129,-76.671235,270,1462531160000,3M/D 5613,MD
LPR00129,39.294129,-76.671235,270,1462531213000,A403260,MD
LPR00129,39.294129,-76.671235,270,1462531215000,LRR172,MD
LPR00129,39.294129,-76.671235,270,1462531313000,9AMY35,MD
LPR00129,39.294129,-76.671235,270,1462531346000,OZS255,MD
LPR00129,39.294129,-76.671235,270,1462531356000,27933 C/B,MD
LPR00129,39.294129,-76.671235,270,1462531391000,NQH327,MD
LPR00129,39.294129,-76.671235,270,1462531540000,2K/A0553,MD
LPR00129,39.294129,-76.671235,270,1462531601000,61636 B/Y,MD
LPR00129,39.294129,-76.671235,270,1462531689000,CRL063,MD
LPR00129,39.294129,-76.671235,270,1462531696000,5CMA81,MD
LPR00129,39.294129,-76.671235,270,1462531727000,2S/C9805,MD
LPR00129,39.294129,-76.671235,270,1462531789000,9CNX058,MD
LPR00129,39.294129,-76.671235,270,1462531818000,RIM909,MD
LPR00129,39.294129,-76.671235,270,1462531826000,86201 C/C,MD
LPR00129,39.294129,-76.671235,270,1462531902000,A164886,MD
LPR00129,39.294129,-76.671235,270,1462531917000,2CNK543,MD
LPR00129,39.294129,-76.671235,270,1462531957000,5AMN04,MD
LPR00129,39.294129,-76.671235,270,1462531990000,42479 B/Y,MD
LPR00129,39.294129,-76.671235,270,1462532043000,8AMV12,MD
LPR00129,39.294129,-76.671235,270,1462532048000,A317137,MD
LPR00129,39.294129,-76.671235,270,1462532072000,4BLW77,MD
LPR00129,39.294129,-76.671235,270,1462532092000,HND661,MD
LPR00129,39.294129,-76.671235,270,1462532106000,FBX531,MD
LPR00129,39.294129,-76.671235,270,1462532116000,5ALS48,MD
LPR00129,39.294129,-76.671235,270,1462532232000,97554 C/A,MD
LPR00129,39.294129,-76.671235,270,1462532256000,89281 C/B,MD
LPR00129,39.294129,-76.671235,270,1462532270000,2CNR355,MD
LPR00129,39.294129,-76.671235,270,1462532293000,A066934,MD
LPR00129,39.294129,-76.671235,270,1462532334000,97755 C/B,MD
LPR00129,39.294129,-76.671235,270,1462532388000,A894070,MD
LPR00129,39.294129,-76.671235,270,1462532446000,A052078,MD
LPR00129,39.294129,-76.671235,270,1462532469000,YTU823,MD
LPR00129,39.294129,-76.671235,270,1462532493000,97114 B/Y,MD
LPR00129,39.294129,-76.671235,270,1462532503000,6AMI81,MD
LPR00129,39.294129,-76.671235,270,1462532535000,44155 C/A,MD
LPR00129,39.294129,-76.671235,270,1462532535000,SLY116,MD
LPR00129,39.294129,-76.671235,270,1462532551000,7J/N6781,MD
LPR00129,39.294129,-76.671235,270,1462532606000,97361 C/A,MD
LPR00129,39.294129,-76.671235,270,1462532651000,8CLP66,MD
LPR00129,39.294129,-76.671235,270,1462532657000,A080660,MD
LPR00129,39.294129,-76.671235,270,1462533422000,8BLJ02,MD
LPR00129,39.294129,-76.671235,270,1462533708000,43513 C/B,MD
LPR00129,39.294129,-76.671235,270,1462533893000,DGE712,MD
LPR00129,39.294129,-76.671235,270,1462533976000,68007 C/B,MD
LPR00129,39.294129,-76.671235,270,1462534412000,7AMR92,MD
LPR00129,39.294129,-76.671235,270,1462534430000,3AMW34,MD
LPR00129,39.294129,-76.671235,270,1462534576000,A836243,MD
LPR00129,39.294129,-76.671235,270,1462534584000,A933128,MD
LPR00129,39.294129,-76.671235,270,1462534610000,4BLV13,MD
LPR00129,39.294129,-76.671235,270,1462534624000,1AMJ55,MD
LPR00129,39.294129,-76.671235,270,1462534647000,A222120,MD
LPR00129,39.294129,-76.671235,270,1462534649000,3Y/J8523,MD
LPR00129,39.294129,-76.671235,270,1462534657000,2M/D 6638,MD
LPR00129,39.294129,-76.671235,270,1462534661000,FUT071,MD
LPR00129,39.294129,-76.671235,270,1462534696000,MST598,MD
LPR00129,39.294129,-76.671235,270,1462534750000,60027 B/Y,MD
LPR00129,39.294129,-76.671235,270,1462534814000,WZP355,MD
LPR00129,39.294129,-76.671235,270,1462534836000,14563 C/C,MD
LPR00129,39.294129,-76.671235,270,1462534923000,05149 C/C,MD
LPR00129,39.294129,-76.671235,270,1462534975000,87324 C/B,MD
LPR00129,39.294129,-76.671235,270,1462535004000,NBA673,MD
LPR00129,39.294129,-76.671235,270,1462535016000,A822218,MD
LPR00129,39.294129,-76.671235,270,1462535051000,31837 C/B,MD
LPR00129,39.294129,-76.671235,270,1462535054000,A783640,MD
LPR00129,39.294129,-76.671235,270,1462535056000,PKG831,MD
LPR00129,39.294129,-76.671235,270,1462535064000,MVU577,MD
LPR00129,39.294129,-76.671235,270,1462535070000,EGF185,MD
LPR00129,39.294129,-76.671235,270,1462535073000,A039632,MD
LPR00129,39.294129,-76.671235,270,1462535108000,6CNB636,MD
LPR00129,39.294129,-76.671235,270,1462535146000,2CNF168,MD
LPR00129,39.294129,-76.671235,270,1462535150000,15348 C/C,MD
LPR00129,39.294129,-76.671235,270,1462535154000,6AMV46,MD
LPR00129,39.294129,-76.671235,270,1462535187000,KUI744,MD
LPR00129,39.294129,-76.671235,270,1462535221000,A039346,MD
LPR00129,39.294129,-76.671235,270,1462535228000,A074448,MD
LPR00129,39.294129,-76.671235,270,1462535261000,A471858,MD
LPR00129,39.294129,-76.671235,270,1462535280000,4M/D 8773,MD
LPR00129,39.294129,-76.671235,270,1462535297000,8ALH35,MD
LPR00129,39.294129,-76.671235,270,1462535303000,66986 C/C,MD
LPR00129,39.294129,-76.671235,270,1462535334000,A371111,MD
LPR00129,39.294129,-76.671235,270,1462535350000,CQM582,MD
LPR00129,39.294129,-76.671235,270,1462535353000,2ALG21,MD
LPR00129,39.294129,-76.671235,270,1462535360000,6M/D 8422,MD
LPR00129,39.294129,-76.671235,270,1462535363000,A336369,MD
LPR00129,39.294129,-76.671235,270,1462535367000,76805 B/Y,MD
LPR00129,39.294129,-76.671235,270,1462535367000,A688482,MD
LPR00129,39.294129,-76.671235,270,1462535385000,A660832,MD
LPR00129,39.294129,-76.671235,270,1462535389000,YDY991,MD
LPR00129,39.294129,-76.671235,270,1462535400000,A410854,MD
LPR00129,39.294129,-76.671235,270,1462535402000,A337918,MD
LPR00129,39.294129,-76.671235,270,1462535431000,A595779,MD
LPR00129,39.294129,-76.671235,270,1462535437000,1AMN05,MD
LPR00129,39.294129,-76.671235,270,1462535439000,9ALD59,MD
LPR00129,39.294129,-76.671235,270,1462535447000,82431 C/A,MD
LPR00129,39.294129,-76.671235,270,1462535469000,A345142,MD
LPR00129,39.294129,-76.671235,270,1462535477000,USJ575,MD
LPR00129,39.294129,-76.671235,270,1462535489000,8CLN21,MD
LPR00129,39.294129,-76.671235,270,1462535491000,QYF155,MD
LPR00129,39.294129,-76.671235,270,1462535500000,5AMV87,MD
LPR00129,39.294129,-76.671235,270,1462535504000,12177 C/A,MD
LPR00129,39.294129,-76.671235,270,1462535506000,3AMR94,MD
LPR00129,39.294129,-76.671235,270,1462535531000,11201 C/A,MD
LPR00129,39.294129,-76.671235,270,1462535543000,FOE979,MD
LPR00129,39.294129,-76.671235,270,1462535553000,A709118,MD
LPR00129,39.294129,-76.671235,270,1462535590000,A888452,MD
LPR00129,39.294129,-76.671235,270,1462535643000,77461 C/C,MD
LPR00129,39.294129,-76.671235,270,1462535644000,25384 C/A,MD
LPR00129,39.294129,-76.671235,270,1462535652000,76718 C/B,MD
LPR00129,39.294129,-76.671235,270,1462535659000,9CLU89,MD
LPR00129,39.294129,-76.671235,270,1462535704000,A881076,MD
LPR00129,39.294129,-76.671235,270,1462535705000,1J/A3994,MD
LPR00129,39.294129,-76.671235,270,1462535705000,4BLB47,MD
LPR00129,39.294129,-76.671235,270,1462535709000,9ALN91,MD
LPR00129,39.294129,-76.671235,270,1462535717000,8M/D 8605,MD
LPR00129,39.294129,-76.671235,270,1462535725000,A104130,MD
LPR00129,39.294129,-76.671235,270,1462535725000,1BLM12,MD
LPR00129,39.294129,-76.671235,270,1462535751000,VKC642,MD
LPR00129,39.294129,-76.671235,270,1462535808000,37556 C/B,MD
LPR00129,39.294129,-76.671235,270,1462535831000,1BMG06,MD
LPR00129,39.294129,-76.671235,270,1462535838000,2CNR269,MD
LPR00129,39.294129,-76.671235,270,1462535908000,A028817,MD
LPR00129,39.294129,-76.671235,270,1462535930000,67994 B/Y,MD
LPR00129,39.294129,-76.671235,270,1462535933000,7L/O7301,MD
LPR00129,39.294129,-76.671235,270,1462535939000,CGP947,MD
LPR00129,39.294129,-76.671235,270,1462535941000,MHZ267,MD
LPR00129,39.294129,-76.671235,270,1462535941000,8CNS021,MD
LPR00129,39.294129,-76.671235,270,1462535950000,4CNR331,MD
LPR00129,39.294129,-76.671235,270,1462535966000,9CMB60,MD
LPR00129,39.294129,-76.671235,270,1462535966000,0X/G4726,MD
LPR00129,39.294129,-76.671235,270,1462535983000,2CNP635,MD
LPR00129,39.294129,-76.671235,270,1462535984000,1CMJ52,MD
LPR00129,39.294129,-76.671235,270,1462535995000,5CNV028,MD
LPR00130,39.294176,-76.672775,90,1462507626000,97361 C/A,MD
LPR00130,39.294176,-76.672775,90,1462511702000,8BLQ64,MD
LPR00130,39.294176,-76.672775,90,1462512051000,45609 C/A,MD
LPR00130,39.294176,-76.672775,90,1462512256000,A097613,MD
LPR00130,39.294176,-76.672775,90,1462512676000,2BMJ58,MD
LPR00130,39.294176,-76.672775,90,1462512814000,WRZ915,MD
LPR00130,39.294176,-76.672775,90,1462512846000,SSY513,MD
LPR00130,39.294176,-76.672775,90,1462512923000,VDE891,MD
LPR00130,39.294176,-76.672775,90,1462513097000,5L/T9625,MD
LPR00130,39.294176,-76.672775,90,1462513365000,PXW706,MD
LPR00130,39.294176,-76.672775,90,1462515654000,VBE974,MD
LPR00130,39.294176,-76.672775,90,1462515665000,A590427,MD
LPR00191,39.29308575,-76.66236249,90,1462507536000,97361 C/A,MD
LPR00191,39.29308575,-76.66236249,90,1462511612000,8BLQ64,MD
LPR00191,39.29308575,-76.66236249,90,1462511961000,45609 C/A,MD
LPR00191,39.29308575,-76.66236249,90,1462512162000,A097613,MD
LPR00191,39.29308575,-76.66236249,90,1462512541000,9BLY73,MD
LPR00191,39.29308575,-76.66236249,90,1462512586000,2BMJ58,MD
LPR00191,39.29308575,-76.66236249,90,1462512728000,WRZ915,MD
LPR00191,39.29308575,-76.66236249,90,1462512752000,SSY513,MD
LPR00191,39.29308575,-76.66236249,90,1462512833000,VDE891,MD
LPR00191,39.29308575,-76.66236249,90,1462513003000,5L/T9625,MD
LPR00191,39.29308575,-76.66236249,90,1462513275000,PXW706,MD
LPR00191,39.29308575,-76.66236249,90,1462515564000,VBE974,MD
LPR00191,39.29308575,-76.66236249,90,1462515575000,A590427,MD
LPR00191,39.29308575,-76.66236249,90,1462515997000,5CNP036,MD
LPR00191,39.29308575,-76.66236249,90,1462527676000,A303059,MD
LPR00191,39.29308575,-76.66236249,90,1462528707000,WVC244,MD
LPR00191,39.29308575,-76.66236249,90,1462529507000,9CNM817,MD
LPR00192,39.29308575,-76.66236249,270,1462524060000,MZH637,MD
LPR00192,39.29308575,-76.66236249,270,1462524794000,A829740,MD
LPR00192,39.29308575,-76.66236249,270,1462525121000,A442307,MD
LPR00192,39.29308575,-76.66236249,270,1462530107000,SIF262,MD
LPR00192,39.29308575,-76.66236249,270,1462531148000,NBN601,MD
LPR00192,39.29308575,-76.66236249,270,1462531393000,9AMY35,MD
LPR00192,39.29308575,-76.66236249,270,1462531465000,NQH327,MD
LPR00192,39.29308575,-76.66236249,270,1462531800000,2S/C9805,MD
LPR00192,39.29308575,-76.66236249,270,1462531870000,9CNX058,MD
LPR00192,39.29308575,-76.66236249,270,1462532116000,8AMV12,MD
LPR00192,39.29308575,-76.66236249,270,1462532128000,A317137,MD
LPR00192,39.29308575,-76.66236249,270,1462532146000,4BLW77,MD
LPR00192,39.29308575,-76.66236249,270,1462532169000,HND661,MD
LPR00192,39.29308575,-76.66236249,270,1462532187000,FBX531,MD
LPR00192,39.29308575,-76.66236249,270,1462532313000,97554 C/A,MD
LPR00192,39.29308575,-76.66236249,270,1462532373000,A066934,MD
LPR00192,39.29308575,-76.66236249,270,1462532412000,97755 C/B,MD
LPR00192,39.29308575,-76.66236249,270,1462532466000,A894070,MD
LPR00192,39.29308575,-76.66236249,270,1462532523000,A052078,MD
LPR00192,39.29308575,-76.66236249,270,1462532550000,YTU823,MD
LPR00192,39.29308575,-76.66236249,270,1462532615000,SLY116,MD
LPR00192,39.29308575,-76.66236249,270,1462532687000,97361 C/A,MD
LPR00192,39.29308575,-76.66236249,270,1462532738000,A080660,MD
LPR00192,39.29308575,-76.66236249,270,1462533782000,43513 C/B,MD
LPR00192,39.29308575,-76.66236249,270,1462534050000,68007 C/B,MD
LPR00192,39.29308575,-76.66236249,270,1462534826000,60027 B/Y,MD
LPR00192,39.29308575,-76.66236249,270,1462534916000,14563 C/C,MD
LPR00192,39.29308575,-76.66236249,270,1462535186000,6CNB636,MD
LPR00192,39.29308575,-76.66236249,270,1462535298000,A039346,MD
LPR00192,39.29308575,-76.66236249,270,1462535373000,8ALH35,MD
LPR00192,39.29308575,-76.66236249,270,1462535428000,CQM582,MD
LPR00192,39.29308575,-76.66236249,270,1462535508000,A595779,MD
LPR00192,39.29308575,-76.66236249,270,1462535521000,82431 C/A,MD
LPR00192,39.29308575,-76.66236249,270,1462535542000,BLH162,MD
LPR00192,39.29308575,-76.66236249,270,1462535567000,QYF155,MD
LPR00192,39.29308575,-76.66236249,270,1462535717000,25384 C/A,MD
LPR00192,39.29308575,-76.66236249,270,1462535737000,WSQ975,MD
LPR00192,39.29308575,-76.66236249,270,1462535781000,A881076,MD
LPR00192,39.29308575,-76.66236249,270,1462535912000,1BMG06,MD
LPR00193,39.29308575,-76.66236249,20,1462511729000,MYQ945,MD
LPR00193,39.29308575,-76.66236249,20,1462512956000,A983319,MD
LPR00193,39.29308575,-76.66236249,20,1462516075000,HPG455,MD
LPR00193,39.29308575,-76.66236249,20,1462527256000,A052116,MD
LPR00193,39.29308575,-76.66236249,20,1462527679000,A303059,MD
LPR00193,39.29308575,-76.66236249,20,1462527947000,IKF272,MD
LPR00193,39.29308575,-76.66236249,20,1462528036000,EXA687,MD
LPR00193,39.29308575,-76.66236249,20,1462528078000,76324 C/C,MD
LPR00193,39.29308575,-76.66236249,20,1462528172000,EVJ159,MD
LPR00193,39.29308575,-76.66236249,20,1462528251000,66304 C/B,MD
LPR00193,39.29308575,-76.66236249,20,1462528261000,1ALQ22,MD
LPR00193,39.29308575,-76.66236249,20,1462528269000,2ALF86,MD
LPR00193,39.29308575,-76.66236249,20,1462528335000,COV212,MD
LPR00193,39.29308575,-76.66236249,20,1462528388000,BML395,MD
LPR00193,39.29308575,-76.66236249,20,1462528434000,A359696,MD
LPR00193,39.29308575,-76.66236249,20,1462528481000,A040850,MD
LPR00193,39.29308575,-76.66236249,20,1462528499000,SFD067,MD
LPR00193,39.29308575,-76.66236249,20,1462528556000,KYD079,MD
LPR00193,39.29308575,-76.66236249,20,1462528613000,2L/M4796,MD
LPR00193,39.29308575,-76.66236249,20,1462528710000,WVC244,MD
LPR00193,39.29308575,-76.66236249,20,1462528776000,6BMM44,MD
LPR00193,39.29308575,-76.66236249,20,1462528786000,VGH983,MD
LPR00193,39.29308575,-76.66236249,20,1462528865000,5Q/M8719,MD
LPR00193,39.29308575,-76.66236249,20,1462529088000,6A/Q0453,MD
LPR00193,39.29308575,-76.66236249,20,1462529295000,A675251,MD
LPR00193,39.29308575,-76.66236249,20,1462529510000,9CNM817,MD
LPR00193,39.29308575,-76.66236249,20,1462530131000,A704342,MD
LPR00193,39.29308575,-76.66236249,20,1462530937000,A744400,MD
LPR00193,39.29308575,-76.66236249,20,1462531086000,4CNY591,MD
LPR00193,39.29308575,-76.66236249,20,1462531254000,A713448,MD
LPR00193,39.29308575,-76.66236249,20,1462531442000,37352 C/B,MD
LPR00193,39.29308575,-76.66236249,20,1462531754000,EWG865,MD
LPR00193,39.29308575,-76.66236249,20,1462532014000,9M/D 4173,MD
LPR00193,39.29308575,-76.66236249,20,1462532080000,A640854,MD
LPR00193,39.29308575,-76.66236249,20,1462532107000,A453138,MD
LPR00193,39.29308575,-76.66236249,20,1462532283000,82392 C/C,MD
LPR00193,39.29308575,-76.66236249,20,1462532553000,99742 C/C,MD
LPR00193,39.29308575,-76.66236249,20,1462532579000,9CNU565,MD
LPR00193,39.29308575,-76.66236249,20,1462532584000,WHI555,MD
LPR00193,39.29308575,-76.66236249,20,1462532673000,LOE256,MD
LPR00193,39.29308575,-76.66236249,20,1462532684000,CWP092,MD
LPR00193,39.29308575,-76.66236249,20,1462532688000,8AMG46,MD
LPR00193,39.29308575,-76.66236249,20,1462532792000,A208279,MD
LPR00193,39.29308575,-76.66236249,20,1462532799000,A293946,MD
LPR00193,39.29308575,-76.66236249,20,1462532894000,1T/D0574,MD
LPR00193,39.29308575,-76.66236249,20,1462532927000,4M/D 2823,MD
LPR00193,39.29308575,-76.66236249,20,1462532949000,41203 C/B,MD
LPR00193,39.29308575,-76.66236249,20,1462533141000,15777 C/A,MD
LPR00193,39.29308575,-76.66236249,20,1462533306000,4M/D 4983,MD
LPR00193,39.29308575,-76.66236249,20,1462533484000,7CMC64,MD
LPR00193,39.29308575,-76.66236249,20,1462533831000,A277994,MD
LPR00193,39.29308575,-76.66236249,20,1462534207000,6CME31,MD
LPR00193,39.29308575,-76.66236249,20,1462534334000,57904 B/Y,MD
LPR00193,39.29308575,-76.66236249,20,1462534523000,29094 C/A,MD
LPR00193,39.29308575,-76.66236249,20,1462534540000,DVC408,MD
LPR00193,39.29308575,-76.66236249,20,1462535004000,TJV744,MD
LPR00193,39.29308575,-76.66236249,20,1462535046000,1CMZ13,MD
LPR00193,39.29308575,-76.66236249,20,1462535188000,4CLE08,MD
LPR00193,39.29308575,-76.66236249,20,1462535199000,7CND211,MD
LPR00193,39.29308575,-76.66236249,20,1462535408000,5N/W2277,MD
LPR00193,39.29308575,-76.66236249,20,1462535417000,67870 C/A,MD
LPR00193,39.29308575,-76.66236249,20,1462535446000,A915454,MD
LPR00193,39.29308575,-76.66236249,20,1462535502000,95500 C/C,MD
LPR00193,39.29308575,-76.66236249,20,1462535555000,A581807,MD
LPR00193,39.29308575,-76.66236249,20,1462535575000,A291241,MD
LPR00193,39.29308575,-76.66236249,20,1462535642000,97547 B/Y,MD
LPR00193,39.29308575,-76.66236249,20,1462535643000,2S/B7543,MD
LPR00193,39.29308575,-76.66236249,20,1462535770000,5CLB30,MD
LPR00193,39.29308575,-76.66236249,20,1462535800000,A363385,MD
LPR00193,39.29308575,-76.66236249,20,1462535814000,78241 C/B,MD
LPR00193,39.29308575,-76.66236249,20,1462535857000,24186 B/Y,MD
LPR00193,39.29308575,-76.66236249,20,1462535921000,4M/D 4526,MD
LPR00193,39.29308575,-76.66236249,20,1462535927000,EFY481,MD
LPR00193,39.29308575,-76.66236249,20,1462535947000,99763 C/C,MD
LPR00194,39.29308575,-76.66236249,200,1462528465000,RAW322,MD
LPR00194,39.29308575,-76.66236249,200,1462530113000,17611 C/C,MD
LPR00194,39.29308575,-76.66236249,200,1462530299000,MCC703,MD
LPR00194,39.29308575,-76.66236249,200,1462531238000,7CNA557,MD
LPR00194,39.29308575,-76.66236249,200,1462531433000,27933 C/B,MD
LPR00194,39.29308575,-76.66236249,200,1462531526000,A693220,MD
LPR00194,39.29308575,-76.66236249,200,1462531635000,A667073,MD
LPR00194,39.29308575,-76.66236249,200,1462531677000,61636 B/Y,MD
LPR00194,39.29308575,-76.66236249,200,1462531774000,JCW224,MD
LPR00194,39.29308575,-76.66236249,200,1462531799000,NEB493,MD
LPR00194,39.29308575,-76.66236249,200,1462531810000,5CMJ07,MD
LPR00194,39.29308575,-76.66236249,200,1462531847000,68784 C/A,MD
LPR00194,39.29308575,-76.66236249,200,1462531951000,KTK658,MD
LPR00194,39.29308575,-76.66236249,200,1462531994000,2CNK543,MD
LPR00194,39.29308575,-76.66236249,200,1462532150000,4CNQ772,MD
LPR00194,39.29308575,-76.66236249,200,1462532204000,5CNV757,MD
LPR00194,39.29308575,-76.66236249,200,1462532212000,7BMT46,MD
LPR00194,39.29308575,-76.66236249,200,1462532262000,QKP203,MD
LPR00194,39.29308575,-76.66236249,200,1462532344000,2CNR355,MD
LPR00194,39.29308575,-76.66236249,200,1462532567000,97114 B/Y,MD
LPR00194,39.29308575,-76.66236249,200,1462532577000,6AMI81,MD
LPR00194,39.29308575,-76.66236249,200,1462532582000,9CMO35,MD
LPR00194,39.29308575,-76.66236249,200,1462534467000,A131911,MD
LPR00194,39.29308575,-76.66236249,200,1462534815000,A776422,MD
LPR00194,39.29308575,-76.66236249,200,1462534999000,05149 C/C,MD
LPR00194,39.29308575,-76.66236249,200,1462535010000,A156554,MD
LPR00194,39.29308575,-76.66236249,200,1462535052000,5BMI14,MD
LPR00194,39.29308575,-76.66236249,200,1462535219000,2CNF168,MD
LPR00194,39.29308575,-76.66236249,200,1462535226000,15348 C/C,MD
LPR00194,39.29308575,-76.66236249,200,1462535246000,4I/N0608,MD
LPR00194,39.29308575,-76.66236249,200,1462535305000,ECW058,MD
LPR00194,39.29308575,-76.66236249,200,1462535383000,DFK152,MD
LPR00194,39.29308575,-76.66236249,200,1462535439000,A336369,MD
LPR00194,39.29308575,-76.66236249,200,1462535461000,A660832,MD
LPR00194,39.29308575,-76.66236249,200,1462535605000,5BMV36,MD
LPR00194,39.29308575,-76.66236249,200,1462535726000,56240 C/B,MD
LPR00194,39.29308575,-76.66236249,200,1462535785000,2CNX641,MD
LPR00194,39.29308575,-76.66236249,200,1462535802000,2BLB00,MD
LPR00194,39.29308575,-76.66236249,200,1462535844000,2E/W4047,MD
LPR00194,39.29308575,-76.66236249,200,1462535976000,45686 C/C,MD
LPR00231,39.29874269,-76.6475175,5,1462534507000,IJQ156,MD
LPR00231,39.29874269,-76.6475175,5,1462534619000,00124 C/B,MD
LPR00231,39.29874269,-76.6475175,5,1462534818000,A880697,MD
LPR00231,39.29874269,-76.6475175,5,1462534857000,A969532,MD
LPR00231,39.29874269,-76.6475175,5,1462534946000,A111656,MD
LPR00231,39.29874269,-76.6475175,5,1462535008000,ZVG091,MD
LPR00231,39.29874269,-76.6475175,5,1462535033000,ILB576,MD
LPR00231,39.29874269,-76.6475175,5,1462535053000,9ALS19,MD
LPR00231,39.29874269,-76.6475175,5,1462535236000,5CLE82,MD
LPR00231,39.29874269,-76.6475175,5,1462535352000,79933 B/Y,MD
LPR00231,39.29874269,-76.6475175,5,1462535435000,A746435,MD
LPR00231,39.29874269,-76.6475175,5,1462535503000,UDA479,MD
LPR00231,39.29874269,-76.6475175,5,1462535504000,A222421,MD
LPR00231,39.29874269,-76.6475175,5,1462535539000,GIA321,MD
LPR00231,39.29874269,-76.6475175,5,1462535566000,A740590,MD
LPR00231,39.29874269,-76.6475175,5,1462535610000,19037 C/A,MD
LPR00231,39.29874269,-76.6475175,5,1462535612000,1AMJ14,MD
LPR00231,39.29874269,-76.6475175,5,1462535644000,A264262,MD
LPR00231,39.29874269,-76.6475175,5,1462535720000,SYG361,MD
LPR00231,39.29874269,-76.6475175,5,1462535729000,GQH043,MD
LPR00231,39.29874269,-76.6475175,5,1462535846000,FIN962,MD
LPR00231,39.29874269,-76.6475175,5,1462535947000,A378952,MD
LPR00232,39.29874269,-76.6475175,185,1462524823000,LVC382,MD
LPR00232,39.29874269,-76.6475175,185,1462525151000,ZDF394,MD
LPR00232,39.29874269,-76.6475175,185,1462526195000,A263370,MD
LPR00232,39.29874269,-76.6475175,185,1462526722000,VLB923,MD
LPR00232,39.29874269,-76.6475175,185,1462526980000,2CME27,MD
LPR00232,39.29874269,-76.6475175,185,1462528200000,7AMH23,MD
LPR00232,39.29874269,-76.6475175,185,1462528223000,1CLD65,MD
LPR00232,39.29874269,-76.6475175,185,1462529355000,5CNG205,MD
LPR00232,39.29874269,-76.6475175,185,1462530298000,66052 C/A,MD
LPR00232,39.29874269,-76.6475175,185,1462531015000,48222 C/C,MD
LPR00232,39.29874269,-76.6475175,185,1462531075000,A823033,MD
LPR00232,39.29874269,-76.6475175,185,1462531277000,A273818,MD
LPR00232,39.29874269,-76.6475175,185,1462531391000,A250714,MD
LPR00232,39.29874269,-76.6475175,185,1462531689000,ULV668,MD
LPR00232,39.29874269,-76.6475175,185,1462531758000,A319863,MD
LPR00232,39.29874269,-76.6475175,185,1462531812000,BJR682,MD
LPR00232,39.29874269,-76.6475175,185,1462531852000,1BMZ58,MD
LPR00232,39.29874269,-76.6475175,185,1462531978000,74427 C/B,MD
LPR00232,39.29874269,-76.6475175,185,1462532015000,7BMH01,MD
LPR00232,39.29874269,-76.6475175,185,1462532053000,A665519,MD
LPR00232,39.29874269,-76.6475175,185,1462532067000,SQI683,MD
LPR00232,39.29874269,-76.6475175,185,1462532098000,62700 C/C,MD
LPR00232,39.29874269,-76.6475175,185,1462532120000,6CNW211,MD
LPR00232,39.29874269,-76.6475175,185,1462532132000,UIF744,MD
LPR00232,39.29874269,-76.6475175,185,1462532170000,VMJ415,MD
LPR00232,39.29874269,-76.6475175,185,1462532242000,3J/X3637,MD
LPR00232,39.29874269,-76.6475175,185,1462532296000,TMZ774,MD
LPR00232,39.29874269,-76.6475175,185,1462532297000,A137685,MD
LPR00232,39.29874269,-76.6475175,185,1462532363000,1M/D 8628,MD
LPR00232,39.29874269,-76.6475175,185,1462532367000,7Q/V1613,MD
LPR00232,39.29874269,-76.6475175,185,1462532374000,XUU902,MD
LPR00232,39.29874269,-76.6475175,185,1462532407000,78135 C/A,MD
LPR00232,39.29874269,-76.6475175,185,1462532431000,UZX738,MD
LPR00232,39.29874269,-76.6475175,185,1462532548000,6S/C5937,MD
LPR00232,39.29874269,-76.6475175,185,1462532594000,A067299,MD
LPR00232,39.29874269,-76.6475175,185,1462532698000,FPJ363,MD
LPR00232,39.29874269,-76.6475175,185,1462532706000,A323784,MD
LPR00232,39.29874269,-76.6475175,185,1462532718000,5AMT21,MD
LPR00232,39.29874269,-76.6475175,185,1462532744000,A848959,MD
LPR00232,39.29874269,-76.6475175,185,1462532752000,A567208,MD
LPR00232,39.29874269,-76.6475175,185,1462532762000,TTC451,MD
LPR00232,39.29874269,-76.6475175,185,1462532764000,SZD141,MD
LPR00232,39.29874269,-76.6475175,185,1462532779000,3AMN27,MD
LPR00232,39.29874269,-76.6475175,185,1462532806000,DPB943,MD
LPR00232,39.29874269,-76.6475175,185,1462532837000,5CNQ227,MD
LPR00232,39.29874269,-76.6475175,185,1462532853000,8CLL24,MD
LPR00232,39.29874269,-76.6475175,185,1462532873000,2M/D 5972,MD
LPR00232,39.29874269,-76.6475175,185,1462532884000,7G/F3023,MD
LPR00232,39.29874269,-76.6475175,185,1462532966000,A351384,MD
LPR00232,39.29874269,-76.6475175,185,1462534317000,A026131,MD
LPR00232,39.29874269,-76.6475175,185,1462534494000,0T/W5646,MD
LPR00232,39.29874269,-76.6475175,185,1462534949000,16465 C/B,MD
LPR00232,39.29874269,-76.6475175,185,1462535006000,ZVG091,MD
LPR00232,39.29874269,-76.6475175,185,1462535156000,A044496,MD
LPR00232,39.29874269,-76.6475175,185,1462535269000,55291 C/A,MD
LPR00232,39.29874269,-76.6475175,185,1462535296000,72988 B/Y,MD
LPR00232,39.29874269,-76.6475175,185,1462535397000,2ALS06,MD
LPR00232,39.29874269,-76.6475175,185,1462535418000,A774074,MD
LPR00232,39.29874269,-76.6475175,185,1462535513000,NLD227,MD
LPR00232,39.29874269,-76.6475175,185,1462535564000,7CMO47,MD
LPR00232,39.29874269,-76.6475175,185,1462535639000,2AMH03,MD
LPR00232,39.29874269,-76.6475175,185,1462535680000,A220362,MD
LPR00232,39.29874269,-76.6475175,185,1462535682000,6BMV21,MD
LPR00232,39.29874269,-76.6475175,185,1462535725000,A656682,MD
LPR00232,39.29874269,-76.6475175,185,1462535737000,A975310,MD
LPR00232,39.29874269,-76.6475175,185,1462535776000,A432208,MD
LPR00232,39.29874269,-76.6475175,185,1462535819000,4CMW79,MD
LPR00232,39.29874269,-76.6475175,185,1462535861000,A384475,MD
LPR00232,39.29874269,-76.6475175,185,1462535901000,A301812,MD
LPR00232,39.29874269,-76.6475175,185,1462535928000,9BMT48,MD
LPR00232,39.29874269,-76.6475175,185,1462535946000,50930 C/B,MD
LPR00232,39.29874269,-76.6475175,185,1462535976000,72114 C/C,MD
LPR00233,39.29874269,-76.6475175,95,1462511292000,2U/N3653,MD
LPR00233,39.29874269,-76.6475175,95,1462511769000,8CMK61,MD
LPR00233,39.29874269,-76.6475175,95,1462511853000,48791 B/Y,MD
LPR00233,39.29874269,-76.6475175,95,1462512692000,XOA383,MD
LPR00233,39.29874269,-76.6475175,95,1462515547000,7ALS05,MD
LPR00233,39.29874269,-76.6475175,95,1462517478000,A233516,MD
LPR00233,39.29874269,-76.6475175,95,1462531289000,38176 C/B,MD
LPR00234,39.29874269,-76.6475175,275,1462530130000,A672910,MD
LPR00234,39.29874269,-76.6475175,275,1462531384000,3M/D 5613,MD
LPR00234,39.29874269,-76.6475175,275,1462531571000,OZS255,MD
LPR00234,39.29874269,-76.6475175,275,1462531689000,KHT106,MD
LPR00234,39.29874269,-76.6475175,275,1462531817000,4M/D 2028,MD
LPR00234,39.29874269,-76.6475175,275,1462531914000,CRL063,MD
LPR00234,39.29874269,-76.6475175,275,1462532102000,2ALZ78,MD
LPR00234,39.29874269,-76.6475175,275,1462532127000,A164886,MD
LPR00234,39.29874269,-76.6475175,275,1462532182000,5AMN04,MD
LPR00234,39.29874269,-76.6475175,275,1462532338000,0M/D 8965,MD
LPR00234,39.29874269,-76.6475175,275,1462532340000,5ALS48,MD
LPR00234,39.29874269,-76.6475175,275,1462532355000,65905 B/Y,MD
LPR00234,39.29874269,-76.6475175,275,1462532480000,89281 C/B,MD
LPR00234,39.29874269,-76.6475175,275,1462532875000,8CLP66,MD
LPR00234,39.29874269,-76.6475175,275,1462532993000,1CNR149,MD
LPR00234,39.29874269,-76.6475175,275,1462533647000,8BLJ02,MD
LPR00234,39.29874269,-76.6475175,275,1462533847000,4BMU90,MD
LPR00234,39.29874269,-76.6475175,275,1462534113000,DGE712,MD
LPR00234,39.29874269,-76.6475175,275,1462534552000,FXU089,MD
LPR00234,39.29874269,-76.6475175,275,1462534594000,OWQ647,MD
LPR00234,39.29874269,-76.6475175,275,1462534600000,8AMQ35,MD
LPR00234,39.29874269,-76.6475175,275,1462534618000,WDI528,MD
LPR00234,39.29874269,-76.6475175,275,1462534632000,7AMR92,MD
LPR00234,39.29874269,-76.6475175,275,1462534650000,3AMW34,MD
LPR00234,39.29874269,-76.6475175,275,1462534684000,1CNT434,MD
LPR00234,39.29874269,-76.6475175,275,1462534800000,A836243,MD
LPR00234,39.29874269,-76.6475175,275,1462534808000,A933128,MD
LPR00234,39.29874269,-76.6475175,275,1462534834000,4BLV13,MD
LPR00234,39.29874269,-76.6475175,275,1462534844000,1AMJ55,MD
LPR00234,39.29874269,-76.6475175,275,1462534867000,A222120,MD
LPR00234,39.29874269,-76.6475175,275,1462534874000,3Y/J8523,MD
LPR00234,39.29874269,-76.6475175,275,1462534881000,2M/D 6638,MD
LPR00234,39.29874269,-76.6475175,275,1462534888000,3CNP576,MD
LPR00234,39.29874269,-76.6475175,275,1462534920000,MST598,MD
LPR00234,39.29874269,-76.6475175,275,1462534979000,FCB405,MD
LPR00234,39.29874269,-76.6475175,275,1462535038000,WZP355,MD
LPR00234,39.29874269,-76.6475175,275,1462535049000,5M/D 8335,MD
LPR00234,39.29874269,-76.6475175,275,1462535157000,63714 C/B,MD
LPR00234,39.29874269,-76.6475175,275,1462535201000,1CMI66,MD
LPR00234,39.29874269,-76.6475175,275,1462535215000,A996974,MD
LPR00234,39.29874269,-76.6475175,275,1462535228000,NBA673,MD
LPR00234,39.29874269,-76.6475175,275,1462535240000,A822218,MD
LPR00234,39.29874269,-76.6475175,275,1462535254000,A380346,MD
LPR00234,39.29874269,-76.6475175,275,1462535276000,31837 C/B,MD
LPR00234,39.29874269,-76.6475175,275,1462535280000,PKG831,MD
LPR00234,39.29874269,-76.6475175,275,1462535288000,MVU577,MD
LPR00234,39.29874269,-76.6475175,275,1462535300000,7CNG378,MD
LPR00234,39.29874269,-76.6475175,275,1462535327000,9CNW319,MD
LPR00234,39.29874269,-76.6475175,275,1462535378000,6AMV46,MD
LPR00234,39.29874269,-76.6475175,275,1462535452000,A074448,MD
LPR00234,39.29874269,-76.6475175,275,1462535481000,A471858,MD
LPR00234,39.29874269,-76.6475175,275,1462535504000,4M/D 8773,MD
LPR00234,39.29874269,-76.6475175,275,1462535523000,66986 C/C,MD
LPR00234,39.29874269,-76.6475175,275,1462535529000,A557070,MD
LPR00234,39.29874269,-76.6475175,275,1462535558000,A371111,MD
LPR00234,39.29874269,-76.6475175,275,1462535563000,A405196,MD
LPR00234,39.29874269,-76.6475175,275,1462535578000,2ALG21,MD
LPR00234,39.29874269,-76.6475175,275,1462535580000,6M/D 8422,MD
LPR00234,39.29874269,-76.6475175,275,1462535587000,A200273,MD
LPR00234,39.29874269,-76.6475175,275,1462535591000,76805 B/Y,MD
LPR00234,39.29874269,-76.6475175,275,1462535591000,A688482,MD
LPR00234,39.29874269,-76.6475175,275,1462535631000,A831539,MD
LPR00234,39.29874269,-76.6475175,275,1462535681000,3M/D 4814,MD
LPR00234,39.29874269,-76.6475175,275,1462535703000,RYD711,MD
LPR00234,39.29874269,-76.6475175,275,1462535710000,8CLN21,MD
LPR00234,39.29874269,-76.6475175,275,1462535720000,5AMV87,MD
LPR00234,39.29874269,-76.6475175,275,1462535763000,FOE979,MD
LPR00234,39.29874269,-76.6475175,275,1462535814000,A888452,MD
LPR00234,39.29874269,-76.6475175,275,1462535861000,A709214,MD
LPR00234,39.29874269,-76.6475175,275,1462535866000,LEL056,MD
LPR00234,39.29874269,-76.6475175,275,1462535867000,77461 C/C,MD
LPR00234,39.29874269,-76.6475175,275,1462535872000,76718 C/B,MD
LPR00234,39.29874269,-76.6475175,275,1462535879000,9CLU89,MD
LPR00234,39.29874269,-76.6475175,275,1462535925000,4BLB47,MD
LPR00234,39.29874269,-76.6475175,275,1462535933000,9ALN91,MD
LPR00234,39.29874269,-76.6475175,275,1462535942000,8M/D 8605,MD
LPR00234,39.29874269,-76.6475175,275,1462535949000,A104130,MD
LPR00234,39.29874269,-76.6475175,275,1462535975000,VKC642,MD
LPR00258,39.28208,-76.646572,110,1462511981000,9CNE599,MD
LPR00258,39.28208,-76.646572,110,1462512403000,SMM504,MD
LPR00258,39.28208,-76.646572,110,1462516141000,6R/J4053,MD
LPR00258,39.28208,-76.646572,110,1462529883000,28638 C/C,MD
LPR00258,39.28208,-76.646572,110,1462531691000,4CNM462,MD
LPR00258,39.28208,-76.646572,110,1462532637000,8M/D 7090,MD
LPR00259,39.28208,-76.646572,290,1462529946000,5M/D 7748,MD
LPR00259,39.28208,-76.646572,290,1462530860000,1BMS38,MD
LPR00259,39.28208,-76.646572,290,1462531108000,7M/D 7150,MD
LPR00259,39.28208,-76.646572,290,1462531667000,94195 C/B,MD
LPR00259,39.28208,-76.646572,290,1462531852000,96036 B/Y,MD
LPR00259,39.28208,-76.646572,290,1462532093000,3M/D 6434,MD
LPR00259,39.28208,-76.646572,290,1462532390000,A513767,MD
LPR00259,39.28208,-76.646572,290,1462532665000,6CMV30,MD
LPR00259,39.28208,-76.646572,290,1462534392000,3M/D 9253,MD
LPR00259,39.28208,-76.646572,290,1462534632000,A154960,MD
LPR00259,39.28208,-76.646572,290,1462534917000,A125016,MD
LPR00259,39.28208,-76.646572,290,1462534983000,6CML37,MD
LPR00259,39.28208,-76.646572,290,1462535252000,A608169,MD
LPR00259,39.28208,-76.646572,290,1462535353000,A237307,MD
LPR00259,39.28208,-76.646572,290,1462535502000,3CLH87,MD
LPR00259,39.28208,-76.646572,290,1462535589000,96038 C/C,MD
LPR00259,39.28208,-76.646572,290,1462535656000,PTL734,MD
LPR00259,39.28208,-76.646572,290,1462535875000,A494194,MD
LPR00260,39.28208,-76.646572,0,1462531327000,A302532,MD
LPR00260,39.28208,-76.646572,0,1462532962000,KNZ123,MD
LPR00260,39.28208,-76.646572,0,1462534481000,00124 C/B,MD
LPR00260,39.28208,-76.646572,0,1462534808000,A111656,MD
LPR00260,39.28208,-76.646572,0,1462534814000,0J/G5756,MD
LPR00260,39.28208,-76.646572,0,1462534915000,9ALS19,MD
LPR00260,39.28208,-76.646572,0,1462535098000,5CLE82,MD
LPR00260,39.28208,-76.646572,0,1462535214000,79933 B/Y,MD
LPR00260,39.28208,-76.646572,0,1462535297000,A746435,MD
LPR00260,39.28208,-76.646572,0,1462535365000,UDA479,MD
LPR00260,39.28208,-76.646572,0,1462535401000,GIA321,MD
LPR00260,39.28208,-76.646572,0,1462535471000,19037 C/A,MD
LPR00260,39.28208,-76.646572,0,1462535582000,SYG361,MD
LPR00260,39.28208,-76.646572,0,1462535591000,GQH043,MD
LPR00260,39.28208,-76.646572,0,1462535809000,A378952,MD
LPR00261,39.28208,-76.646572,180,1462513690000,KLB796,MD
LPR00261,39.28208,-76.646572,180,1462526334000,A263370,MD
LPR00261,39.28208,-76.646572,180,1462528339000,7AMH23,MD
LPR00261,39.28208,-76.646572,180,1462528362000,1CLD65,MD
LPR00261,39.28208,-76.646572,180,1462528497000,0C/Z6754,MD
LPR00261,39.28208,-76.646572,180,1462529071000,4CNP553,MD
LPR00261,39.28208,-76.646572,180,1462529494000,5CNG205,MD
LPR00261,39.28208,-76.646572,180,1462530253000,50701 B/Y,MD
LPR00261,39.28208,-76.646572,180,1462531029000,3ALI68,MD
LPR00261,39.28208,-76.646572,180,1462531125000,4CNX307,MD
LPR00261,39.28208,-76.646572,180,1462531144000,A911967,MD
LPR00261,39.28208,-76.646572,180,1462531154000,48222 C/C,MD
LPR00261,39.28208,-76.646572,180,1462531156000,7CNM728,MD
LPR00261,39.28208,-76.646572,180,1462531214000,A823033,MD
LPR00261,39.28208,-76.646572,180,1462531332000,A302532,MD
LPR00261,39.28208,-76.646572,180,1462531416000,A273818,MD
LPR00261,39.28208,-76.646572,180,1462531437000,A306855,MD
LPR00261,39.28208,-76.646572,180,1462531527000,ROE042,MD
LPR00261,39.28208,-76.646572,180,1462531530000,A250714,MD
LPR00261,39.28208,-76.646572,180,1462531828000,ULV668,MD
LPR00261,39.28208,-76.646572,180,1462531882000,A740175,MD
LPR00261,39.28208,-76.646572,180,1462531897000,A319863,MD
LPR00261,39.28208,-76.646572,180,1462531951000,BJR682,MD
LPR00261,39.28208,-76.646572,180,1462531967000,PBJ834,MD
LPR00261,39.28208,-76.646572,180,1462531991000,1BMZ58,MD
LPR00261,39.28208,-76.646572,180,1462531999000,96108 C/C,MD
LPR00261,39.28208,-76.646572,180,1462532001000,3AMW86,MD
LPR00261,39.28208,-76.646572,180,1462532039000,7AME94,MD
LPR00261,39.28208,-76.646572,180,1462532069000,A699686,MD
LPR00261,39.28208,-76.646572,180,1462532116000,74427 C/B,MD
LPR00261,39.28208,-76.646572,180,1462532134000,A951727,MD
LPR00261,39.28208,-76.646572,180,1462532143000,43618 B/Y,MD
LPR00261,39.28208,-76.646572,180,1462532154000,7BMH01,MD
LPR00261,39.28208,-76.646572,180,1462532192000,A665519,MD
LPR00261,39.28208,-76.646572,180,1462532206000,SQI683,MD
LPR00261,39.28208,-76.646572,180,1462532237000,62700 C/C,MD
LPR00261,39.28208,-76.646572,180,1462532259000,3BMV21,MD
LPR00261,39.28208,-76.646572,180,1462532271000,UIF744,MD
LPR00261,39.28208,-76.646572,180,1462532309000,VMJ415,MD
LPR00261,39.28208,-76.646572,180,1462532381000,3J/X3637,MD
LPR00261,39.28208,-76.646572,180,1462532435000,TMZ774,MD
LPR00261,39.28208,-76.646572,180,1462532502000,1M/D 8628,MD
LPR00261,39.28208,-76.646572,180,1462532506000,7Q/V1613,MD
LPR00261,39.28208,-76.646572,180,1462532513000,XUU902,MD
LPR00261,39.28208,-76.646572,180,1462532570000,UZX738,MD
LPR00261,39.28208,-76.646572,180,1462532638000,8M/D 7090,MD
LPR00261,39.28208,-76.646572,180,1462532687000,6S/C5937,MD
LPR00261,39.28208,-76.646572,180,1462532733000,A067299,MD
LPR00261,39.28208,-76.646572,180,1462532837000,FPJ363,MD
LPR00261,39.28208,-76.646572,180,1462532845000,A323784,MD
LPR00261,39.28208,-76.646572,180,1462532857000,5AMT21,MD
LPR00261,39.28208,-76.646572,180,1462532883000,A848959,MD
LPR00261,39.28208,-76.646572,180,1462532891000,A567208,MD
LPR00261,39.28208,-76.646572,180,1462532901000,TTC451,MD
LPR00261,39.28208,-76.646572,180,1462532903000,SZD141,MD
LPR00261,39.28208,-76.646572,180,1462532918000,3AMN27,MD
LPR00261,39.28208,-76.646572,180,1462532945000,DPB943,MD
LPR00261,39.28208,-76.646572,180,1462532976000,5CNQ227,MD
LPR00261,39.28208,-76.646572,180,1462532992000,8CLL24,MD
LPR00261,39.28208,-76.646572,180,1462533012000,2M/D 5972,MD
LPR00261,39.28208,-76.646572,180,1462533023000,7G/F3023,MD
LPR00261,39.28208,-76.646572,180,1462533105000,A351384,MD
LPR00261,39.28208,-76.646572,180,1462534633000,0T/W5646,MD
LPR00261,39.28208,-76.646572,180,1462534913000,9ALS19,MD
LPR00261,39.28208,-76.646572,180,1462535249000,4CMY21,MD
LPR00261,39.28208,-76.646572,180,1462535408000,55291 C/A,MD
LPR00261,39.28208,-76.646572,180,1462535435000,72988 B/Y,MD
LPR00261,39.28208,-76.646572,180,1462535536000,2ALS06,MD
LPR00261,39.28208,-76.646572,180,1462535536000,A524808,MD
LPR00261,39.28208,-76.646572,180,1462535735000,A314664,MD
LPR00261,39.28208,-76.646572,180,1462535821000,6BMV21,MD
LPR00261,39.28208,-76.646572,180,1462535864000,A656682,MD
LPR00261,39.28208,-76.646572,180,1462535876000,A975310,MD
LPR00261,39.28208,-76.646572,180,1462535915000,A432208,MD
